"trigram","n","start","end"
"u u u",17,"u u","u"
"first time sinc",14,"first time","sinc"
"new york time",12,"new york","time"
"pate fountain park",11,"pate fountain","park"
"cant wait see",10,"cant wait","see"
"happi new year",10,"happi new","year"
"new york citi",10,"new york","citi"
"presid barack obama",9,"presid barack","obama"
"cinco de mayo",8,"cinco de","mayo"
"classic pate fountain",8,"classic pate","fountain"
"two year ago",8,"two year","ago"
"happi mother day",7,"happi mother","day"
"high school student",7,"high school","student"
"let us know",7,"let us","know"
"new york ny",7,"new york","ny"
"four year ago",6,"four year","ago"
"lie lie lie",6,"lie lie","lie"
"osama bin laden",6,"osama bin","laden"
"want make sure",6,"want make","sure"
"world war ii",6,"world war","ii"
"eli kick g",5,"eli kick","g"
"feel like your",5,"feel like","your"
"gov chris christi",5,"gov chris","christi"
"im look forward",5,"im look","forward"
"jpmorgan liquid asset",5,"jpmorgan liquid","asset"
"make feel like",5,"make feel","like"
"past two week",5,"past two","week"
"spend lot time",5,"spend lot","time"
"st loui counti",5,"st loui","counti"
"year ago said",5,"year ago","said"
"brenda brenda brenda",4,"brenda brenda","brenda"
"cant wait show",4,"cant wait","show"
"chief oper offic",4,"chief oper","offic"
"commemor th anniversari",4,"commemor th","anniversari"
"cricket world cup",4,"cricket world","cup"
"dont know can",4,"dont know","can"
"face year prison",4,"face year","prison"
"find way get",4,"find way","get"
"follow ill follow",4,"follow ill","follow"
"georg w bush",4,"georg w","bush"
"h jpmorgan us",4,"h jpmorgan","us"
"im go go",4,"im go","go"
"im pretti sure",4,"im pretti","sure"
"paintbal gun case",4,"paintbal gun","case"
"point per game",4,"point per","game"
"r h jpmorgan",4,"r h","jpmorgan"
"right around corner",4,"right around","corner"
"run eli kick",4,"run eli","kick"
"sever year ago",4,"sever year","ago"
"two year old",4,"two year","old"
"us district judg",4,"us district","judg"
"year old daughter",4,"year old","daughter"
"year old son",4,"year old","son"
"yearold girl yearold",4,"yearold girl","yearold"
"accord associ press",3,"accord associ","press"
"almost everi day",3,"almost everi","day"
"arrest outstand scott",3,"arrest outstand","scott"
"assist us attorney",3,"assist us","attorney"
"atlant travel leagu",3,"atlant travel","leagu"
"averag point per",3,"averag point","per"
"averag point rebound",3,"averag point","rebound"
"bake sheet bake",3,"bake sheet","bake"
"bin laden death",3,"bin laden","death"
"boy girl club",3,"boy girl","club"
"can honest say",3,"can honest","say"
"chief execut offic",3,"chief execut","offic"
"communic guardian angel",3,"communic guardian","angel"
"council member vote",3,"council member","vote"
"counti circuit court",3,"counti circuit","court"
"coupl year ago",3,"coupl year","ago"
"didnt want go",3,"didnt want","go"
"dont feel like",3,"dont feel","like"
"dont realli care",3,"dont realli","care"
"eat whole menu",3,"eat whole","menu"
"el camino real",3,"el camino","real"
"even though know",3,"even though","know"
"everi singl day",3,"everi singl","day"
"everi singl one",3,"everi singl","one"
"feel like im",3,"feel like","im"
"first four inning",3,"first four","inning"
"follow follow back",3,"follow follow","back"
"fountain park juli",3,"fountain park","juli"
"fountain park june",3,"fountain park","june"
"get back work",3,"get back","work"
"get first round",3,"get first","round"
"get job done",3,"get job","done"
"go right now",3,"go right","now"
"good morn twitter",3,"good morn","twitter"
"gov arnold schwarzenegg",3,"gov arnold","schwarzenegg"
"gov john kasich",3,"gov john","kasich"
"great place start",3,"great place","start"
"greenhous gas emiss",3,"greenhous gas","emiss"
"ha ha ha",3,"ha ha","ha"
"happi happi joy",3,"happi happi","joy"
"health care reform",3,"health care","reform"
"hyun suk ask",3,"hyun suk","ask"
"ill follow back",3,"ill follow","back"
"im go tri",3,"im go","tri"
"im just go",3,"im just","go"
"im just tri",3,"im just","tri"
"im sure well",3,"im sure","well"
"ive ever seen",3,"ive ever","seen"
"jpmorgan us govt",3,"jpmorgan us","govt"
"jpmorgan us trea",3,"jpmorgan us","trea"
"just dont know",3,"just dont","know"
"just one day",3,"just one","day"
"just tri get",3,"just tri","get"
"know can get",3,"know can","get"
"know im go",3,"know im","go"
"last two week",3,"last two","week"
"late last night",3,"late last","night"
"late last year",3,"late last","year"
"late th centuri",3,"late th","centuri"
"littl bit like",3,"littl bit","like"
"littl bit now",3,"littl bit","now"
"long day work",3,"long day","work"
"los angel time",3,"los angel","time"
"love spend time",3,"love spend","time"
"lower tax rate",3,"lower tax","rate"
"make sound like",3,"make sound","like"
"mani thing im",3,"mani thing","im"
"martin luther king",3,"martin luther","king"
"mid atlant travel",3,"mid atlant","travel"
"mmfservic h jpmorgan",3,"mmfservic h","jpmorgan"
"move new york",3,"move new","york"
"ncaa tournament appear",3,"ncaa tournament","appear"
"never thought id",3,"never thought","id"
"new year day",3,"new year","day"
"new york post",3,"new york","post"
"new york state",3,"new york","state"
"one first thing",3,"one first","thing"
"one year left",3,"one year","left"
"onto bake sheet",3,"onto bake","sheet"
"outstand scott counti",3,"outstand scott","counti"
"park juli u",3,"park juli","u"
"park june u",3,"park june","u"
"pdt washington ap",3,"pdt washington","ap"
"publish new york",3,"publish new","york"
"real estat invest",3,"real estat","invest"
"real estat paraleg",3,"real estat","paraleg"
"realli feel like",3,"realli feel","like"
"realli look forward",3,"realli look","forward"
"rep gabriell gifford",3,"rep gabriell","gifford"
"right now like",3,"right now","like"
"rock n roll",3,"rock n","roll"
"rock paper scissor",3,"rock paper","scissor"
"rose percent percent",3,"rose percent","percent"
"said mani peopl",3,"said mani","peopl"
"said one thing",3,"said one","thing"
"said weve got",3,"said weve","got"
"salt lake citi",3,"salt lake","citi"
"scott counti warrant",3,"scott counti","warrant"
"six year ago",3,"six year","ago"
"spent much time",3,"spent much","time"
"spoken word artist",3,"spoken word","artist"
"st patrick day",3,"st patrick","day"
"start new year",3,"start new","year"
"stop along way",3,"stop along","way"
"suprem court nomine",3,"suprem court","nomine"
"team leader han",3,"team leader","han"
"ten year ago",3,"ten year","ago"
"thank rt hope",3,"thank rt","hope"
"that go happen",3,"that go","happen"
"thing never thought",3,"thing never","thought"
"think fair say",3,"think fair","say"
"third straight year",3,"third straight","year"
"three year ago",3,"three year","ago"
"today good day",3,"today good","day"
"tweet happi birthday",3,"tweet happi","birthday"
"two week ago",3,"two week","ago"
"u mid atlant",3,"u mid","atlant"
"unit church christ",3,"unit church","christ"
"unrestrict free agent",3,"unrestrict free","agent"
"us attorney offic",3,"us attorney","offic"
"us district court",3,"us district","court"
"us trea plus",3,"us trea","plus"
"use cell phone",3,"use cell","phone"
"wall street journal",3,"wall street","journal"
"want go back",3,"want go","back"
"world cup dvd",3,"world cup","dvd"
"year ago now",3,"year ago","now"
"year left contract",3,"year left","contract"
"yearold bloomfield resid",3,"yearold bloomfield","resid"
"yearold boy wear",3,"yearold boy","wear"
"yearold shakope man",3,"yearold shakope","man"
"accord court record",2,"accord court","record"
"accord fire media",2,"accord fire","media"
"accus without proof",2,"accus without","proof"
"achiev common good",2,"achiev common","good"
"across countri help",2,"across countri","help"
"act like gentleman",2,"act like","gentleman"
"activ insur compani",2,"activ insur","compani"
"actual look like",2,"actual look","like"
"ad job last",2,"ad job","last"
"advanc past first",2,"advanc past","first"
"advers stress test",2,"advers stress","test"
"afghan presid hamid",2,"afghan presid","hamid"
"ago highest year",2,"ago highest","year"
"air forc one",2,"air forc","one"
"allow five hit",2,"allow five","hit"
"allow gay marriag",2,"allow gay","marriag"
"allow one run",2,"allow one","run"
"almost three time",2,"almost three","time"
"along way found",2,"along way","found"
"also issu statement",2,"also issu","statement"
"amazon servic llc",2,"amazon servic","llc"
"american craft beer",2,"american craft","beer"
"among thing make",2,"among thing","make"
"ancient greec rome",2,"ancient greec","rome"
"anglosaxon close relat",2,"anglosaxon close","relat"
"anniversari osama bin",2,"anniversari osama","bin"
"announc last week",2,"announc last","week"
"annual bonus stock",2,"annual bonus","stock"
"anyon els think",2,"anyon els","think"
"anyth can happen",2,"anyth can","happen"
"anyth els need",2,"anyth els","need"
"anyth els want",2,"anyth els","want"
"april pm april",2,"april pm","april"
"around new york",2,"around new","york"
"ask anyon inform",2,"ask anyon","inform"
"ask one time",2,"ask one","time"
"ask three best",2,"ask three","best"
"assimil take greater",2,"assimil take","greater"
"associ press report",2,"associ press","report"
"away yesterday afternoon",2,"away yesterday","afternoon"
"back door that",2,"back door","that"
"back go back",2,"back go","back"
"bad right now",2,"bad right","now"
"bake sheet line",2,"bake sheet","line"
"barrel use tube",2,"barrel use","tube"
"basket fill bottl",2,"basket fill","bottl"
"beauti time year",2,"beauti time","year"
"bed last night",2,"bed last","night"
"believ god send",2,"believ god","send"
"believ god want",2,"believ god","want"
"believ insist can",2,"believ insist","can"
"best actor oscar",2,"best actor","oscar"
"best book read",2,"best book","read"
"best diet pill",2,"best diet","pill"
"best first quarter",2,"best first","quarter"
"best gift ever",2,"best gift","ever"
"best job can",2,"best job","can"
"better late never",2,"better late","never"
"big audio dynamit",2,"big audio","dynamit"
"biggest sell beer",2,"biggest sell","beer"
"bikini swimwear top",2,"bikini swimwear","top"
"birthday extra special",2,"birthday extra","special"
"black bean corn",2,"black bean","corn"
"blame global warm",2,"blame global","warm"
"blend year old",2,"blend year","old"
"blue white mottahedeh",2,"blue white","mottahedeh"
"board made decis",2,"board made","decis"
"boil reduc heat",2,"boil reduc","heat"
"bonus stock worth",2,"bonus stock","worth"
"boy moder injuri",2,"boy moder","injuri"
"breast cancer survivor",2,"breast cancer","survivor"
"bring back mani",2,"bring back","mani"
"brooklyn histor societi",2,"brooklyn histor","societi"
"busi leisur travel",2,"busi leisur","travel"
"buy health insur",2,"buy health","insur"
"cab will run",2,"cab will","run"
"campaign financ record",2,"campaign financ","record"
"can also give",2,"can also","give"
"can also see",2,"can also","see"
"can borrow librari",2,"can borrow","librari"
"can choos come",2,"can choos","come"
"can even buy",2,"can even","buy"
"can get involv",2,"can get","involv"
"can get refil",2,"can get","refil"
"can just say",2,"can just","say"
"can make differ",2,"can make","differ"
"can pretti much",2,"can pretti","much"
"can put thing",2,"can put","thing"
"can take photo",2,"can take","photo"
"can u pleas",2,"can u","pleas"
"canadian footbal leagu",2,"canadian footbal","leagu"
"cancer heart diseas",2,"cancer heart","diseas"
"cancer month ago",2,"cancer month","ago"
"candid mitt romney",2,"candid mitt","romney"
"cant wait get",2,"cant wait","get"
"cant wait read",2,"cant wait","read"
"cant wait till",2,"cant wait","till"
"case western reserv",2,"case western","reserv"
"case your wonder",2,"case your","wonder"
"cat smelli cat",2,"cat smelli","cat"
"cathol code canon",2,"cathol code","canon"
"caus death america",2,"caus death","america"
"cd releas parti",2,"cd releas","parti"
"celebr mother day",2,"celebr mother","day"
"cell phone bill",2,"cell phone","bill"
"center around beer",2,"center around","beer"
"chairman chief execut",2,"chairman chief","execut"
"chanc win prize",2,"chanc win","prize"
"chandler centenni chihuahua",2,"chandler centenni","chihuahua"
"chang min scoff",2,"chang min","scoff"
"chief financi offic",2,"chief financi","offic"
"child abus charg",2,"child abus","charg"
"children famili servic",2,"children famili","servic"
"children seem like",2,"children seem","like"
"chlorin sweati ball",2,"chlorin sweati","ball"
"chocol ice cream",2,"chocol ice","cream"
"choos honor god",2,"choos honor","god"
"circuit court appeal",2,"circuit court","appeal"
"cite disord conduct",2,"cite disord","conduct"
"class fall class",2,"class fall","class"
"class spring class",2,"class spring","class"
"cleveland clinic innov",2,"cleveland clinic","innov"
"closur also expect",2,"closur also","expect"
"cmos imag sensor",2,"cmos imag","sensor"
"coach pat shurmur",2,"coach pat","shurmur"
"code canon law",2,"code canon","law"
"color palett challeng",2,"color palett","challeng"
"come back year",2,"come back","year"
"come dont miss",2,"come dont","miss"
"come join us",2,"come join","us"
"come next week",2,"come next","week"
"come see us",2,"come see","us"
"come togeth make",2,"come togeth","make"
"comment pend litig",2,"comment pend","litig"
"commerc depart find",2,"commerc depart","find"
"compact fluoresc light",2,"compact fluoresc","light"
"conduct yearold shakope",2,"conduct yearold","shakope"
"congest heart failur",2,"congest heart","failur"
"congratul women work",2,"congratul women","work"
"contract worth million",2,"contract worth","million"
"control danger substanc",2,"control danger","substanc"
"convict face year",2,"convict face","year"
"core issu whether",2,"core issu","whether"
"cost m make",2,"cost m","make"
"counti district attorney",2,"counti district","attorney"
"counti prosecutor offic",2,"counti prosecutor","offic"
"counti sheriff deputi",2,"counti sheriff","deputi"
"counti sheriff offic",2,"counti sheriff","offic"
"counti warrant yearold",2,"counti warrant","yearold"
"coupl day ago",2,"coupl day","ago"
"court document state",2,"court document","state"
"craft beer week",2,"craft beer","week"
"creat project use",2,"creat project","use"
"creativ juic flow",2,"creativ juic","flow"
"creme blush mac",2,"creme blush","mac"
"crest mountain guid",2,"crest mountain","guid"
"critic theori experi",2,"critic theori","experi"
"current fiscal year",2,"current fiscal","year"
"custom without power",2,"custom without","power"
"cut come top",2,"cut come","top"
"cuyahoga counti execut",2,"cuyahoga counti","execut"
"d r janus",2,"d r","janus"
"danc last night",2,"danc last","night"
"day day live",2,"day day","live"
"day disabl list",2,"day disabl","list"
"day everi time",2,"day everi","time"
"day last week",2,"day last","week"
"day one thing",2,"day one","thing"
"day per week",2,"day per","week"
"day sometim im",2,"day sometim","im"
"de la princesa",2,"de la","princesa"
"debt grown signific",2,"debt grown","signific"
"dental x ray",2,"dental x","ray"
"diabet heart diseas",2,"diabet heart","diseas"
"didnt exist day",2,"didnt exist","day"
"didnt stay long",2,"didnt stay","long"
"diet pill market",2,"diet pill","market"
"dime beer night",2,"dime beer","night"
"dine room tabl",2,"dine room","tabl"
"dinner night brunch",2,"dinner night","brunch"
"direct job creation",2,"direct job","creation"
"director pos yr",2,"director pos","yr"
"discov fetal posit",2,"discov fetal","posit"
"disord conduct yearold",2,"disord conduct","yearold"
"district attorney offic",2,"district attorney","offic"
"done unto us",2,"done unto","us"
"dont believ god",2,"dont believ","god"
"dont expect us",2,"dont expect","us"
"dont get see",2,"dont get","see"
"dont know els",2,"dont know","els"
"dont know lol",2,"dont know","lol"
"dont know whether",2,"dont know","whether"
"dont know without",2,"dont know","without"
"dont know yet",2,"dont know","yet"
"dont know your",2,"dont know","your"
"dont realli need",2,"dont realli","need"
"dont seem enough",2,"dont seem","enough"
"dont talk never",2,"dont talk","never"
"dont think ever",2,"dont think","ever"
"dont think go",2,"dont think","go"
"dont understand word",2,"dont understand","word"
"dont want put",2,"dont want","put"
"dream last night",2,"dream last","night"
"drink fizzi pop",2,"drink fizzi","pop"
"e street band",2,"e street","band"
"earli saturday morn",2,"earli saturday","morn"
"earth wind fire",2,"earth wind","fire"
"easier said done",2,"easier said","done"
"easter egg hunt",2,"easter egg","hunt"
"eat pray love",2,"eat pray","love"
"economi grow percent",2,"economi grow","percent"
"editor news world",2,"editor news","world"
"edward mr mendahun",2,"edward mr","mendahun"
"efsf fund use",2,"efsf fund","use"
"els can see",2,"els can","see"
"emiss blame global",2,"emiss blame","global"
"end last year",2,"end last","year"
"enough next year",2,"enough next","year"
"enterpris softwar firm",2,"enterpris softwar","firm"
"euro rm million",2,"euro rm","million"
"even someth simpl",2,"even someth","simpl"
"ever wonder god",2,"ever wonder","god"
"everi cab will",2,"everi cab","will"
"everi day will",2,"everi day","will"
"everi singl time",2,"everi singl","time"
"everi time put",2,"everi time","put"
"execut director oregon",2,"execut director","oregon"
"exist day ago",2,"exist day","ago"
"export coal china",2,"export coal","china"
"express true self",2,"express true","self"
"eye can see",2,"eye can","see"
"eye open wide",2,"eye open","wide"
"fall class spring",2,"fall class","spring"
"fall max payn",2,"fall max","payn"
"fall trap strife",2,"fall trap","strife"
"famili hous burn",2,"famili hous","burn"
"feder elect commiss",2,"feder elect","commiss"
"feder health care",2,"feder health","care"
"feder state law",2,"feder state","law"
"feel free check",2,"feel free","check"
"feel good realli",2,"feel good","realli"
"feel great im",2,"feel great","im"
"feel like got",2,"feel like","got"
"feel much better",2,"feel much","better"
"feel pretti good",2,"feel pretti","good"
"feet inch high",2,"feet inch","high"
"felt like lot",2,"felt like","lot"
"fill bottl wine",2,"fill bottl","wine"
"find iron tooth",2,"find iron","tooth"
"find true love",2,"find true","love"
"fine can see",2,"fine can","see"
"fire media affair",2,"fire media","affair"
"first book seri",2,"first book","seri"
"first four game",2,"first four","game"
"first let say",2,"first let","say"
"first quarter sinc",2,"first quarter","sinc"
"first quarter year",2,"first quarter","year"
"first round pick",2,"first round","pick"
"first thing came",2,"first thing","came"
"first thing morn",2,"first thing","morn"
"first thing notic",2,"first thing","notic"
"first time school",2,"first time","school"
"first time season",2,"first time","season"
"fiscal year end",2,"fiscal year","end"
"fit bill nice",2,"fit bill","nice"
"five hit two",2,"five hit","two"
"five hospic case",2,"five hospic","case"
"five six game",2,"five six","game"
"five six year",2,"five six","year"
"five walk one",2,"five walk","one"
"five year later",2,"five year","later"
"florenc normandi florenc",2,"florenc normandi","florenc"
"fold across chest",2,"fold across","chest"
"follow back d",2,"follow back","d"
"follow pleas love",2,"follow pleas","love"
"follow pois creation",2,"follow pois","creation"
"follow u u",2,"follow u","u"
"food drug administr",2,"food drug","administr"
"former editor news",2,"former editor","news"
"former massachusett governor",2,"former massachusett","governor"
"fountain park sept",2,"fountain park","sept"
"four month ago",2,"four month","ago"
"four time last",2,"four time","last"
"francisco state univers",2,"francisco state","univers"
"free will can",2,"free will","can"
"g gentri pass",2,"g gentri","pass"
"galperin said citi",2,"galperin said","citi"
"gas emiss blame",2,"gas emiss","blame"
"gentri pass jordan",2,"gentri pass","jordan"
"get arm around",2,"get arm","around"
"get back us",2,"get back","us"
"get bad rap",2,"get bad","rap"
"get chore done",2,"get chore","done"
"get follow back",2,"get follow","back"
"get hit pitch",2,"get hit","pitch"
"get new follow",2,"get new","follow"
"get one thing",2,"get one","thing"
"get stand ovat",2,"get stand","ovat"
"get thing done",2,"get thing","done"
"get two vote",2,"get two","vote"
"gift ever got",2,"gift ever","got"
"girl dragon tattoo",2,"girl dragon","tattoo"
"girl read jean",2,"girl read","jean"
"girl team won",2,"girl team","won"
"girl wear missesjunior",2,"girl wear","missesjunior"
"girl yearold boy",2,"girl yearold","boy"
"girl yearold girl",2,"girl yearold","girl"
"give away free",2,"give away","free"
"go back go",2,"go back","go"
"go back school",2,"go back","school"
"go back time",2,"go back","time"
"go back work",2,"go back","work"
"go cub go",2,"go cub","go"
"go get done",2,"go get","done"
"go go detail",2,"go go","detail"
"go just fine",2,"go just","fine"
"go long way",2,"go long","way"
"go servic desk",2,"go servic","desk"
"go win game",2,"go win","game"
"god oh god",2,"god oh","god"
"good beauti god",2,"good beauti","god"
"good enough team",2,"good enough","team"
"good enough win",2,"good enough","win"
"good stuff gone",2,"good stuff","gone"
"good time alway",2,"good time","alway"
"good time get",2,"good time","get"
"goodby close eye",2,"goodby close","eye"
"gop presidenti candid",2,"gop presidenti","candid"
"got m sign",2,"got m","sign"
"gov jerri brown",2,"gov jerri","brown"
"gov rick perri",2,"gov rick","perri"
"govern never yet",2,"govern never","yet"
"grand scheme thing",2,"grand scheme","thing"
"great see guy",2,"great see","guy"
"great way start",2,"great way","start"
"grin ear ear",2,"grin ear","ear"
"gross domest product",2,"gross domest","product"
"gross m last",2,"gross m","last"
"gun germ steel",2,"gun germ","steel"
"h jpmorgan prime",2,"h jpmorgan","prime"
"happen dont know",2,"happen dont","know"
"happen last night",2,"happen last","night"
"happen right now",2,"happen right","now"
"happi joy joy",2,"happi joy","joy"
"happi project gretchen",2,"happi project","gretchen"
"hard time get",2,"hard time","get"
"havent read book",2,"havent read","book"
"havent read yet",2,"havent read","yet"
"havent seen yet",2,"havent seen","yet"
"head poll today",2,"head poll","today"
"health care industri",2,"health care","industri"
"health care insur",2,"health care","insur"
"health care law",2,"health care","law"
"health human servic",2,"health human","servic"
"heart diseas diabet",2,"heart diseas","diabet"
"held press confer",2,"held press","confer"
"hell hath furi",2,"hell hath","furi"
"hello friend im",2,"hello friend","im"
"help burn calori",2,"help burn","calori"
"help overcom addict",2,"help overcom","addict"
"help young peopl",2,"help young","peopl"
"high fuel cost",2,"high fuel","cost"
"high school athlet",2,"high school","athlet"
"high school championship",2,"high school","championship"
"high school senior",2,"high school","senior"
"high speed minut",2,"high speed","minut"
"hill high school",2,"hill high","school"
"hip hop u",2,"hip hop","u"
"hire produc trail",2,"hire produc","trail"
"hire remain strong",2,"hire remain","strong"
"hit home run",2,"hit home","run"
"home run season",2,"home run","season"
"honesti best polici",2,"honesti best","polici"
"hope enjoy food",2,"hope enjoy","food"
"hope great day",2,"hope great","day"
"hope wonder time",2,"hope wonder","time"
"hope your well",2,"hope your","well"
"hound make think",2,"hound make","think"
"hous consum spend",2,"hous consum","spend"
"hous real estat",2,"hous real","estat"
"howard counti circuit",2,"howard counti","circuit"
"hyde park corner",2,"hyde park","corner"
"id like see",2,"id like","see"
"ill never stop",2,"ill never","stop"
"illinoi incorpor item",2,"illinoi incorpor","item"
"im go right",2,"im go","right"
"im just gonna",2,"im just","gonna"
"im just like",2,"im just","like"
"im realli realli",2,"im realli","realli"
"im sure rt",2,"im sure","rt"
"immigr custom enforc",2,"immigr custom","enforc"
"inch high jump",2,"inch high","jump"
"includ new york",2,"includ new","york"
"incorpor item c",2,"incorpor item","c"
"increas last year",2,"increas last","year"
"index univers life",2,"index univers","life"
"initi indefinit articl",2,"initi indefinit","articl"
"insur compani may",2,"insur compani","may"
"intern affair complaint",2,"intern affair","complaint"
"internet servic provid",2,"internet servic","provid"
"iran nuclear program",2,"iran nuclear","program"
"issu statement say",2,"issu statement","say"
"item c pp",2,"item c","pp"
"ive got big",2,"ive got","big"
"ive realli enjoy",2,"ive realli","enjoy"
"ive tri find",2,"ive tri","find"
"jean rhys girl",2,"jean rhys","girl"
"jersey citi polic",2,"jersey citi","polic"
"jj oud geuz",2,"jj oud","geuz"
"job bill money",2,"job bill","money"
"job last month",2,"job last","month"
"john grand nation",2,"john grand","nation"
"jordan eli kick",2,"jordan eli","kick"
"journal health affair",2,"journal health","affair"
"joy happi happi",2,"joy happi","happi"
"judici system serv",2,"judici system","serv"
"juli u mid",2,"juli u","mid"
"jump feet inch",2,"jump feet","inch"
"june u u",2,"june u","u"
"just came across",2,"just came","across"
"just cant let",2,"just cant","let"
"just dont feel",2,"just dont","feel"
"just hate ppl",2,"just hate","ppl"
"just high school",2,"just high","school"
"just keep go",2,"just keep","go"
"just last week",2,"just last","week"
"just like everi",2,"just like","everi"
"just like im",2,"just like","im"
"just make sure",2,"just make","sure"
"just need read",2,"just need","read"
"just said im",2,"just said","im"
"just sit around",2,"just sit","around"
"just think also",2,"just think","also"
"just three hour",2,"just three","hour"
"just want get",2,"just want","get"
"just want someth",2,"just want","someth"
"just want think",2,"just want","think"
"keep come back",2,"keep come","back"
"keep good work",2,"keep good","work"
"keep open mind",2,"keep open","mind"
"keisha cole mom",2,"keisha cole","mom"
"kennywood west mifflin",2,"kennywood west","mifflin"
"kick g gentri",2,"kick g","gentri"
"kinder farm park",2,"kinder farm","park"
"knock em dead",2,"knock em","dead"
"know break news",2,"know break","news"
"know im talk",2,"know im","talk"
"know know im",2,"know know","im"
"know other dont",2,"know other","dont"
"know u r",2,"know u","r"
"krampus legend art",2,"krampus legend","art"
"l shelton yearold",2,"l shelton","yearold"
"ladi act like",2,"ladi act","like"
"lake saint loui",2,"lake saint","loui"
"laker first point",2,"laker first","point"
"lambiek year old",2,"lambiek year","old"
"larg number peopl",2,"larg number","peopl"
"larg parti eat",2,"larg parti","eat"
"last coupl week",2,"last coupl","week"
"last five year",2,"last five","year"
"last night game",2,"last night","game"
"last night got",2,"last night","got"
"last night shoot",2,"last night","shoot"
"last night thank",2,"last night","thank"
"last season now",2,"last season","now"
"last two year",2,"last two","year"
"last week report",2,"last week","report"
"last year first",2,"last year","first"
"last year sf",2,"last year","sf"
"late night walk",2,"late night","walk"
"ldl level mgdl",2,"ldl level","mgdl"
"leagu pate fountain",2,"leagu pate","fountain"
"least six month",2,"least six","month"
"left turn lane",2,"left turn","lane"
"legend art workshop",2,"legend art","workshop"
"lego star war",2,"lego star","war"
"lemonad stand kit",2,"lemonad stand","kit"
"less two year",2,"less two","year"
"let get rt",2,"let get","rt"
"let just say",2,"let just","say"
"let know can",2,"let know","can"
"let know think",2,"let know","think"
"life can chang",2,"life can","chang"
"life right now",2,"life right","now"
"life skill center",2,"life skill","center"
"light one like",2,"light one","like"
"like everyon els",2,"like everyon","els"
"like everyth els",2,"like everyth","els"
"like exist adult",2,"like exist","adult"
"like right way",2,"like right","way"
"like see us",2,"like see","us"
"line parchment paper",2,"line parchment","paper"
"list thing need",2,"list thing","need"
"littl bit time",2,"littl bit","time"
"littl stage puppet",2,"littl stage","puppet"
"live way want",2,"live way","want"
"local law enforc",2,"local law","enforc"
"locat locat locat",2,"locat locat","locat"
"long ago kept",2,"long ago","kept"
"long ago stay",2,"long ago","stay"
"long black hair",2,"long black","hair"
"long long time",2,"long long","time"
"long time now",2,"long time","now"
"look back now",2,"look back","now"
"look forward kid",2,"look forward","kid"
"look forward read",2,"look forward","read"
"look forward see",2,"look forward","see"
"look forward tomorrow",2,"look forward","tomorrow"
"look just like",2,"look just","like"
"look like just",2,"look like","just"
"los angel counti",2,"los angel","counti"
"lose belli fat",2,"lose belli","fat"
"lost half pound",2,"lost half","pound"
"lost love one",2,"lost love","one"
"lost percent nasdaq",2,"lost percent","nasdaq"
"love just hope",2,"love just","hope"
"love love love",2,"love love","love"
"love love sound",2,"love love","sound"
"love sit chat",2,"love sit","chat"
"low fat diet",2,"low fat","diet"
"lower rack plate",2,"lower rack","plate"
"lowfat plantbas diet",2,"lowfat plantbas","diet"
"luther king jr",2,"luther king","jr"
"m last weekend",2,"m last","weekend"
"m make gross",2,"m make","gross"
"m sign bonus",2,"m sign","bonus"
"made seem like",2,"made seem","like"
"magic creatur book",2,"magic creatur","book"
"major trophi everi",2,"major trophi","everi"
"make amount money",2,"make amount","money"
"make come aliv",2,"make come","aliv"
"make gross m",2,"make gross","m"
"make health care",2,"make health","care"
"make look like",2,"make look","like"
"make million dollar",2,"make million","dollar"
"make money money",2,"make money","money"
"make one wonder",2,"make one","wonder"
"make perfect gift",2,"make perfect","gift"
"make situat wors",2,"make situat","wors"
"make sure check",2,"make sure","check"
"make sure follow",2,"make sure","follow"
"make sure get",2,"make sure","get"
"make us laugh",2,"make us","laugh"
"man cite disord",2,"man cite","disord"
"man youv got",2,"man youv","got"
"manag manni acta",2,"manag manni","acta"
"mani differ way",2,"mani differ","way"
"mark first time",2,"mark first","time"
"mark th anniversari",2,"mark th","anniversari"
"market park lot",2,"market park","lot"
"market share time",2,"market share","time"
"marketwatch press releas",2,"marketwatch press","releas"
"maryland stadium author",2,"maryland stadium","author"
"maryland state board",2,"maryland state","board"
"master plan updat",2,"master plan","updat"
"matter hard tri",2,"matter hard","tri"
"matter whether win",2,"matter whether","win"
"may look like",2,"may look","like"
"may u u",2,"may u","u"
"mayb one day",2,"mayb one","day"
"mean take time",2,"mean take","time"
"mega million jackpot",2,"mega million","jackpot"
"member us militari",2,"member us","militari"
"mental health issu",2,"mental health","issu"
"microwav safe bowlcook",2,"microwav safe","bowlcook"
"might come handi",2,"might come","handi"
"million bond propos",2,"million bond","propos"
"million cent share",2,"million cent","share"
"million dollar year",2,"million dollar","year"
"million euro million",2,"million euro","million"
"million euro rm",2,"million euro","rm"
"million feder money",2,"million feder","money"
"million first quarter",2,"million first","quarter"
"million first year",2,"million first","year"
"minc fine add",2,"minc fine","add"
"minist benjamin netanyahu",2,"minist benjamin","netanyahu"
"minut golden brown",2,"minut golden","brown"
"minut second left",2,"minut second","left"
"miss famili much",2,"miss famili","much"
"missil defens system",2,"missil defens","system"
"mmfcl c jpmorgan",2,"mmfcl c","jpmorgan"
"mmfcl d r",2,"mmfcl d","r"
"mmfinv r h",2,"mmfinv r","h"
"mmfinvestor r h",2,"mmfinvestor r","h"
"mmfmorgan jpmorgan liquid",2,"mmfmorgan jpmorgan","liquid"
"mobil technolog patent",2,"mobil technolog","patent"
"monday friday pm",2,"monday friday","pm"
"monday night footbal",2,"monday night","footbal"
"monday night move",2,"monday night","move"
"money build bridg",2,"money build","bridg"
"morn roll bed",2,"morn roll","bed"
"mouth close mouth",2,"mouth close","mouth"
"move new apart",2,"move new","apart"
"mr bush neighborhood",2,"mr bush","neighborhood"
"mr edward mr",2,"mr edward","mr"
"multipl time day",2,"multipl time","day"
"name address sourc",2,"name address","sourc"
"natur interpret center",2,"natur interpret","center"
"near two hour",2,"near two","hour"
"near two week",2,"near two","week"
"need get home",2,"need get","home"
"need make sure",2,"need make","sure"
"neutral site game",2,"neutral site","game"
"never expect see",2,"never expect","see"
"never seem like",2,"never seem","like"
"never step foot",2,"never step","foot"
"never want see",2,"never want","see"
"new england patriot",2,"new england","patriot"
"new high school",2,"new high","school"
"new jersey director",2,"new jersey","director"
"new jersey net",2,"new jersey","net"
"new jersey turnpik",2,"new jersey","turnpik"
"new jersey week",2,"new jersey","week"
"new jersey well",2,"new jersey","well"
"new law appli",2,"new law","appli"
"new nail cell",2,"new nail","cell"
"new year eve",2,"new year","eve"
"new year everyon",2,"new year","everyon"
"new year resolut",2,"new year","resolut"
"new york jet",2,"new york","jet"
"new york knick",2,"new york","knick"
"new york new",2,"new york","new"
"new york ranger",2,"new york","ranger"
"new york stock",2,"new york","stock"
"new york washington",2,"new york","washington"
"news world hack",2,"news world","hack"
"next school year",2,"next school","year"
"next thing know",2,"next thing","know"
"next three day",2,"next three","day"
"next two year",2,"next two","year"
"next year get",2,"next year","get"
"nice relax day",2,"nice relax","day"
"night drink special",2,"night drink","special"
"nonlif threaten injuri",2,"nonlif threaten","injuri"
"nonwin prebowl record",2,"nonwin prebowl","record"
"normandi florenc normandi",2,"normandi florenc","normandi"
"novemb pass away",2,"novemb pass","away"
"now get bed",2,"now get","bed"
"now ive got",2,"now ive","got"
"now let get",2,"now let","get"
"offens line coach",2,"offens line","coach"
"offic involv shoot",2,"offic involv","shoot"
"oh god amaz",2,"oh god","amaz"
"oh god oh",2,"oh god","oh"
"oh thank much",2,"oh thank","much"
"oil natur gas",2,"oil natur","gas"
"old girardin lambiek",2,"old girardin","lambiek"
"old high school",2,"old high","school"
"olymp committe first",2,"olymp committe","first"
"one can see",2,"one can","see"
"one day like",2,"one day","like"
"one game left",2,"one game","left"
"one place can",2,"one place","can"
"one question ask",2,"one question","ask"
"one step closer",2,"one step","closer"
"one success stori",2,"one success","stori"
"one thing clear",2,"one thing","clear"
"one thing get",2,"one thing","get"
"one will ever",2,"one will","ever"
"one will rememb",2,"one will","rememb"
"one year ago",2,"one year","ago"
"oneyear anniversari osama",2,"oneyear anniversari","osama"
"open gay spokesman",2,"open gay","spokesman"
"open mouth close",2,"open mouth","close"
"oper right hand",2,"oper right","hand"
"opportun work team",2,"opportun work","team"
"overal hire remain",2,"overal hire","remain"
"pacif gas electr",2,"pacif gas","electr"
"pandoralik radio station",2,"pandoralik radio","station"
"paper creativ imagin",2,"paper creativ","imagin"
"paper make feel",2,"paper make","feel"
"park sept u",2,"park sept","u"
"parti eat whole",2,"parti eat","whole"
"paseo de la",2,"paseo de","la"
"pass away morn",2,"pass away","morn"
"pass jordan eli",2,"pass jordan","eli"
"passion fruit flavor",2,"passion fruit","flavor"
"past sever year",2,"past sever","year"
"past three month",2,"past three","month"
"pattern paper creativ",2,"pattern paper","creativ"
"pay lower tax",2,"pay lower","tax"
"penn state univers",2,"penn state","univers"
"pension health benefit",2,"pension health","benefit"
"peopl actual pay",2,"peopl actual","pay"
"peopl can just",2,"peopl can","just"
"peopl come will",2,"peopl come","will"
"peopl dont expect",2,"peopl dont","expect"
"peopl everi day",2,"peopl everi","day"
"peopl includ top",2,"peopl includ","top"
"peopl live danger",2,"peopl live","danger"
"peopl mental ill",2,"peopl mental","ill"
"peopl new jersey",2,"peopl new","jersey"
"peopl pay attent",2,"peopl pay","attent"
"peopl real life",2,"peopl real","life"
"peopl realli care",2,"peopl realli","care"
"peopl will come",2,"peopl will","come"
"peopl will say",2,"peopl will","say"
"percent got percent",2,"percent got","percent"
"percent nasdaq composit",2,"percent nasdaq","composit"
"perform art center",2,"perform art","center"
"person financi inform",2,"person financi","inform"
"pet peev peopl",2,"pet peev","peopl"
"petit howard counti",2,"petit howard","counti"
"pharmaci benefit manag",2,"pharmaci benefit","manag"
"pico de gallo",2,"pico de","gallo"
"ping pong ball",2,"ping pong","ball"
"plan will help",2,"plan will","help"
"plate blue white",2,"plate blue","white"
"play field level",2,"play field","level"
"play good defens",2,"play good","defens"
"play import role",2,"play import","role"
"play well defens",2,"play well","defens"
"pleas dont ever",2,"pleas dont","ever"
"pm april pm",2,"pm april","pm"
"pm pm may",2,"pm pm","may"
"point will take",2,"point will","take"
"pois creation twitter",2,"pois creation","twitter"
"port author polic",2,"port author","polic"
"pos yr term",2,"pos yr","term"
"preheat oven degre",2,"preheat oven","degre"
"prepackag reorgan plan",2,"prepackag reorgan","plan"
"presid georg w",2,"presid georg","w"
"presid hamid karzai",2,"presid hamid","karzai"
"presid health care",2,"presid health","care"
"presid ronald reagan",2,"presid ronald","reagan"
"presidenti candid mitt",2,"presidenti candid","mitt"
"press confer announc",2,"press confer","announc"
"pretti good go",2,"pretti good","go"
"pretti much everi",2,"pretti much","everi"
"prime minist benjamin",2,"prime minist","benjamin"
"probabl say thing",2,"probabl say","thing"
"produc trail light",2,"produc trail","light"
"program cycl special",2,"program cycl","special"
"project gretchen rubin",2,"project gretchen","rubin"
"pronounc dead scene",2,"pronounc dead","scene"
"protect tradit marriag",2,"protect tradit","marriag"
"public stock offer",2,"public stock","offer"
"public water system",2,"public water","system"
"put thing perspect",2,"put thing","perspect"
"put us map",2,"put us","map"
"r janus mmfcl",2,"r janus","mmfcl"
"r u still",2,"r u","still"
"rain barrel use",2,"rain barrel","use"
"rais serious question",2,"rais serious","question"
"read jean rhys",2,"read jean","rhys"
"realli dont understand",2,"realli dont","understand"
"realli need michael",2,"realli need","michael"
"realli realli excit",2,"realli realli","excit"
"realli realli good",2,"realli realli","good"
"realli realli love",2,"realli realli","love"
"realli realli realli",2,"realli realli","realli"
"realli want get",2,"realli want","get"
"realli want someth",2,"realli want","someth"
"reason start blog",2,"reason start","blog"
"reason took long",2,"reason took","long"
"recent cover reveal",2,"recent cover","reveal"
"recip passion fruit",2,"recip passion","fruit"
"record last year",2,"record last","year"
"remain strong hospit",2,"remain strong","hospit"
"remov stem cell",2,"remov stem","cell"
"rep marcia fudg",2,"rep marcia","fudg"
"rhys girl read",2,"rhys girl","read"
"right now alway",2,"right now","alway"
"right now im",2,"right now","im"
"right now that",2,"right now","that"
"risk cancer heart",2,"risk cancer","heart"
"risk heart diseas",2,"risk heart","diseas"
"road rant lookout",2,"road rant","lookout"
"road red carpet",2,"road red","carpet"
"roast squash seed",2,"roast squash","seed"
"rob manfr age",2,"rob manfr","age"
"roll panic affili",2,"roll panic","affili"
"roman cathol code",2,"roman cathol","code"
"rose almost percent",2,"rose almost","percent"
"rose percent million",2,"rose percent","million"
"rt hope well",2,"rt hope","well"
"run around like",2,"run around","like"
"run around stage",2,"run around","stage"
"run four game",2,"run four","game"
"run run run",2,"run run","run"
"runner score posit",2,"runner score","posit"
"runtex hire produc",2,"runtex hire","produc"
"s earli s",2,"s earli","s"
"sad see go",2,"sad see","go"
"said didnt want",2,"said didnt","want"
"said fabric roll",2,"said fabric","roll"
"said follow twitter",2,"said follow","twitter"
"said hes got",2,"said hes","got"
"said hi everyon",2,"said hi","everyon"
"said last week",2,"said last","week"
"said new rule",2,"said new","rule"
"said pronounc dead",2,"said pronounc","dead"
"said that go",2,"said that","go"
"said want make",2,"said want","make"
"said will take",2,"said will","take"
"sale last year",2,"sale last","year"
"san diego mayor",2,"san diego","mayor"
"san diego will",2,"san diego","will"
"san francisco chicago",2,"san francisco","chicago"
"san francisco er",2,"san francisco","er"
"san francisco state",2,"san francisco","state"
"santa ana unifi",2,"santa ana","unifi"
"saw polic offic",2,"saw polic","offic"
"say everyth went",2,"say everyth","went"
"say goodby close",2,"say goodby","close"
"say ive realli",2,"say ive","realli"
"say just just",2,"say just","just"
"scale back ambit",2,"scale back","ambit"
"school disciplin polici",2,"school disciplin","polici"
"school district part",2,"school district","part"
"score four time",2,"score four","time"
"scott state park",2,"scott state","park"
"sdge led holiday",2,"sdge led","holiday"
"season averag point",2,"season averag","point"
"see anoth day",2,"see anoth","day"
"see anoth one",2,"see anoth","one"
"see finish product",2,"see finish","product"
"see light day",2,"see light","day"
"seem good time",2,"seem good","time"
"seem like good",2,"seem like","good"
"selftitl debut album",2,"selftitl debut","album"
"sen john mccain",2,"sen john","mccain"
"senior vice presid",2,"senior vice","presid"
"sept u u",2,"sept u","u"
"seri get pick",2,"seri get","pick"
"servic desk pay",2,"servic desk","pay"
"seven year ago",2,"seven year","ago"
"sever factor includ",2,"sever factor","includ"
"sexual transmit diseas",2,"sexual transmit","diseas"
"sf art commiss",2,"sf art","commiss"
"shakope man cite",2,"shakope man","cite"
"shane ask rickey",2,"shane ask","rickey"
"sheet bake minut",2,"sheet bake","minut"
"sheet line parchment",2,"sheet line","parchment"
"shelton yearold boy",2,"shelton yearold","boy"
"ship next day",2,"ship next","day"
"show last night",2,"show last","night"
"show start pm",2,"show start","pm"
"shuttl will drop",2,"shuttl will","drop"
"side wall form",2,"side wall","form"
"silk color palett",2,"silk color","palett"
"silver creek def",2,"silver creek","def"
"sinc earli march",2,"sinc earli","march"
"sinc got back",2,"sinc got","back"
"sinc govern never",2,"sinc govern","never"
"sinc great depress",2,"sinc great","depress"
"sinc last year",2,"sinc last","year"
"sinc took offic",2,"sinc took","offic"
"skillet mediumhigh heat",2,"skillet mediumhigh","heat"
"small busi owner",2,"small busi","owner"
"smelli cat smelli",2,"smelli cat","smelli"
"smith took advantag",2,"smith took","advantag"
"social media manag",2,"social media","manag"
"social secur benefit",2,"social secur","benefit"
"social work associ",2,"social work","associ"
"someon els expect",2,"someon els","expect"
"sometim next week",2,"sometim next","week"
"song bring back",2,"song bring","back"
"sorri late repli",2,"sorri late","repli"
"soul just know",2,"soul just","know"
"sound like fun",2,"sound like","fun"
"sourc direct knowledg",2,"sourc direct","knowledg"
"spend day home",2,"spend day","home"
"spend qualiti time",2,"spend qualiti","time"
"spent last week",2,"spent last","week"
"st clair counti",2,"st clair","counti"
"st loui region",2,"st loui","region"
"stage puppet theater",2,"stage puppet","theater"
"stanley cup final",2,"stanley cup","final"
"star trek mug",2,"star trek","mug"
"start day right",2,"start day","right"
"start get realli",2,"start get","realli"
"start play like",2,"start play","like"
"state board educ",2,"state board","educ"
"state depart transport",2,"state depart","transport"
"state end make",2,"state end","make"
"stay tune detail",2,"stay tune","detail"
"still face numer",2,"still face","numer"
"stir just blend",2,"stir just","blend"
"stock worth car",2,"stock worth","car"
"stori charact one",2,"stori charact","one"
"street sf br",2,"street sf","br"
"sugar brown sugar",2,"sugar brown","sugar"
"sugarcreekforg build along",2,"sugarcreekforg build","along"
"super easi make",2,"super easi","make"
"superior court judg",2,"superior court","judg"
"susquehanna river basin",2,"susquehanna river","basin"
"sweet potato fri",2,"sweet potato","fri"
"take good care",2,"take good","care"
"talent hard work",2,"talent hard","work"
"tax cut will",2,"tax cut","will"
"tax rate invest",2,"tax rate","invest"
"tea parti movement",2,"tea parti","movement"
"teacher high school",2,"teacher high","school"
"team nonwin prebowl",2,"team nonwin","prebowl"
"teaspoon cream tartar",2,"teaspoon cream","tartar"
"teaspoon sesam oil",2,"teaspoon sesam","oil"
"tell us littl",2,"tell us","littl"
"tenant person financi",2,"tenant person","financi"
"texa de brazil",2,"texa de","brazil"
"th us circuit",2,"th us","circuit"
"thank everyon came",2,"thank everyon","came"
"thank give us",2,"thank give","us"
"thank kind word",2,"thank kind","word"
"thank much follow",2,"thank much","follow"
"thank much love",2,"thank much","love"
"thank put us",2,"thank put","us"
"thank twitter follow",2,"thank twitter","follow"
"that percent increas",2,"that percent","increas"
"there one thing",2,"there one","thing"
"theyr go get",2,"theyr go","get"
"thing came mind",2,"thing came","mind"
"thing get done",2,"thing get","done"
"thing im look",2,"thing im","look"
"thing im thank",2,"thing im","thank"
"thing perspect like",2,"thing perspect","like"
"think bout get",2,"think bout","get"
"think ever sinc",2,"think ever","sinc"
"think go happen",2,"think go","happen"
"think im gonna",2,"think im","gonna"
"think lot peopl",2,"think lot","peopl"
"think might make",2,"think might","make"
"think need see",2,"think need","see"
"though just want",2,"though just","want"
"three best diet",2,"three best","diet"
"three day later",2,"three day","later"
"throughout new jersey",2,"throughout new","jersey"
"throw support behind",2,"throw support","behind"
"tile can use",2,"tile can","use"
"till next time",2,"till next","time"
"time dont think",2,"time dont","think"
"time last year",2,"time last","year"
"time minut second",2,"time minut","second"
"time sinc earli",2,"time sinc","earli"
"time sinc last",2,"time sinc","last"
"today cant wait",2,"today cant","wait"
"today feel like",2,"today feel","like"
"today im go",2,"today im","go"
"today need help",2,"today need","help"
"tomorrow hope will",2,"tomorrow hope","will"
"took long time",2,"took long","time"
"took time go",2,"took time","go"
"total intak calori",2,"total intak","calori"
"tough team beat",2,"tough team","beat"
"toward adopt parent",2,"toward adopt","parent"
"trail light austin",2,"trail light","austin"
"travel leagu pate",2,"travel leagu","pate"
"trenton new jersey",2,"trenton new","jersey"
"tri come someth",2,"tri come","someth"
"tri get earli",2,"tri get","earli"
"tri get feel",2,"tri get","feel"
"tri keep eye",2,"tri keep","eye"
"tri look like",2,"tri look","like"
"tri work now",2,"tri work","now"
"trial error found",2,"trial error","found"
"trophi everi game",2,"trophi everi","game"
"true secur will",2,"true secur","will"
"tuesday first time",2,"tuesday first","time"
"turn around walk",2,"turn around","walk"
"turn will make",2,"turn will","make"
"twelv year ago",2,"twelv year","ago"
"twitter let go",2,"twitter let","go"
"two three time",2,"two three","time"
"two year later",2,"two year","later"
"type person want",2,"type person","want"
"u girl team",2,"u girl","team"
"u lehigh valley",2,"u lehigh","valley"
"u u lehigh",2,"u u","lehigh"
"u wanna go",2,"u wanna","go"
"unfortun didnt get",2,"unfortun didnt","get"
"univers new mexico",2,"univers new","mexico"
"univers north carolina",2,"univers north","carolina"
"unto us believ",2,"unto us","believ"
"us circuit court",2,"us circuit","court"
"us know think",2,"us know","think"
"us right now",2,"us right","now"
"us suprem court",2,"us suprem","court"
"use loos tea",2,"use loos","tea"
"use performanceenhanc drug",2,"use performanceenhanc","drug"
"vacant hous real",2,"vacant hous","real"
"valid least six",2,"valid least","six"
"vanilla ice cream",2,"vanilla ice","cream"
"w bush will",2,"w bush","will"
"wall street analyst",2,"wall street","analyst"
"want come home",2,"want come","home"
"want everyon see",2,"want everyon","see"
"want someth bit",2,"want someth","bit"
"warn sever year",2,"warn sever","year"
"warrant yearold shakope",2,"warrant yearold","shakope"
"wast time money",2,"wast time","money"
"wastewat treatment plant",2,"wastewat treatment","plant"
"way good stori",2,"way good","stori"
"way new york",2,"way new","york"
"wayn counti circuit",2,"wayn counti","circuit"
"web social media",2,"web social","media"
"week ago wife",2,"week ago","wife"
"week cant even",2,"week cant","even"
"weight loss challeng",2,"weight loss","challeng"
"well done everyon",2,"well done","everyon"
"well dont think",2,"well dont","think"
"west mifflin pa",2,"west mifflin","pa"
"western reserv univers",2,"western reserv","univers"
"wet hot beef",2,"wet hot","beef"
"whatev take win",2,"whatev take","win"
"whether win lose",2,"whether win","lose"
"whose name becam",2,"whose name","becam"
"wild inaccur bias",2,"wild inaccur","bias"
"will abl pick",2,"will abl","pick"
"will allow us",2,"will allow","us"
"will also offer",2,"will also","offer"
"will also see",2,"will also","see"
"will come us",2,"will come","us"
"will decemb th",2,"will decemb","th"
"will forc take",2,"will forc","take"
"will give someth",2,"will give","someth"
"will go long",2,"will go","long"
"will happen time",2,"will happen","time"
"will held pm",2,"will held","pm"
"will help us",2,"will help","us"
"will never forget",2,"will never","forget"
"will next time",2,"will next","time"
"window can see",2,"window can","see"
"winner will announc",2,"winner will","announc"
"women work hard",2,"women work","hard"
"won best actor",2,"won best","actor"
"work cast crew",2,"work cast","crew"
"work everi day",2,"work everi","day"
"work full time",2,"work full","time"
"work hard mother",2,"work hard","mother"
"work well dont",2,"work well","dont"
"world hack phone",2,"world hack","phone"
"world realli need",2,"world realli","need"
"worth car allow",2,"worth car","allow"
"worth million first",2,"worth million","first"
"year ago today",2,"year ago","today"
"year ago two",2,"year ago","two"
"year half ago",2,"year half","ago"
"year old girardin",2,"year old","girardin"
"year old time",2,"year old","time"
"yearold boy moder",2,"yearold boy","moder"
"yearold boy yearold",2,"yearold boy","yearold"
"yes yes yes",2,"yes yes","yes"
"york stock exchang",2,"york stock","exchang"
"york time report",2,"york time","report"
"your go get",2,"your go","get"
"your gonna drive",2,"your gonna","drive"
"zemana antilogg licens",2,"zemana antilogg","licens"
